Phase_1_treat,mean_growth,se_growth
Both,7.07778,0.54767
Cont,7.74167,0.27371
Hyp,7.89091,0.29247
Warm,7.64167,0.28189