Phase_1_treat,mean_growth,se_growth
Both,0.30000,0.01231
Cont,0.28333,0.01124
Hyp,0.29167,0.01486
Warm,0.29167,0.01486