Phase_1_treat,mean_growth,se_growth
Both,37.75000,2.18908
Cont,38.53333,0.86448
Hyp,39.71667,1.17001
Warm,38.47500,1.28116